{
  "_step": 75000,
  "all/accuracy": 0.6605849862098694,
  "all/exact_accuracy": 0.004535852465778589,
  "all/lm_loss": 1.3410903215408325,
  "all/q_attempted": 0.11324598640203476,
  "all/q_attempted_correct": 0.003999325912445784,
  "all/q_halt_accuracy": 0.8902168273925781,
  "all/q_halt_loss": 0.3384470045566559,
  "all/q_solvable": 0.004535852465778589,
  "all/steps": 16.0,
  "ARC/pass@1": 0.01375,
  "ARC/pass@2": 0.02875,
  "ARC/pass@5": 0.04375,
  "ARC/pass@10": 0.0475,
  "ARC/pass@100": 0.10125,
  "ARC/pass@1000": 0.11625
}