{
  "_step": 400000,
  "all/accuracy": 0.830116331577301,
  "all/exact_accuracy": 0.170594722032547,
  "all/lm_loss": 0.8745534420013428,
  "all/q_attempted": 0.4582947790622711,
  "all/q_attempted_correct": 0.165125772356987,
  "all/q_halt_accuracy": 0.7013620734214783,
  "all/q_halt_loss": 0.8219236135482788,
  "all/q_solvable": 0.170594722032547,
  "all/steps": 16.0,
  "ARC/pass@1": 0.285,
  "ARC/pass@2": 0.32375,
  "ARC/pass@5": 0.3775,
  "ARC/pass@10": 0.40875,
  "ARC/pass@100": 0.4625,
  "ARC/pass@1000": 0.4925
}