{
  "_step": 600000,
  "all/accuracy": 0.8518332839012146,
  "all/exact_accuracy": 0.2340344488620758,
  "all/lm_loss": 0.8095530867576599,
  "all/q_attempted": 0.5652787089347839,
  "all/q_attempted_correct": 0.22858364880084991,
  "all/q_halt_accuracy": 0.6578541398048401,
  "all/q_halt_loss": 0.9142549633979797,
  "all/q_solvable": 0.2340344488620758,
  "all/steps": 16.0,
  "ARC/pass@1": 0.34625,
  "ARC/pass@2": 0.38125,
  "ARC/pass@5": 0.43375,
  "ARC/pass@10": 0.46125,
  "ARC/pass@100": 0.505,
  "ARC/pass@1000": 0.51
}