{
  "_step": 550000,
  "all/accuracy": 0.8472505211830139,
  "all/exact_accuracy": 0.226082444190979,
  "all/lm_loss": 0.8086190819740295,
  "all/q_attempted": 0.5334318280220032,
  "all/q_attempted_correct": 0.21986185014247894,
  "all/q_halt_accuracy": 0.6802093982696533,
  "all/q_halt_loss": 0.8232839107513428,
  "all/q_solvable": 0.226082444190979,
  "all/steps": 16.0,
  "ARC/pass@1": 0.32,
  "ARC/pass@2": 0.375,
  "ARC/pass@5": 0.4275,
  "ARC/pass@10": 0.44125,
  "ARC/pass@100": 0.50375,
  "ARC/pass@1000": 0.5125
}