{
  "_step": 125000,
  "all/accuracy": 0.7011904120445251,
  "all/exact_accuracy": 0.01359978225082159,
  "all/lm_loss": 1.2124155759811401,
  "all/q_attempted": 0.1468346267938614,
  "all/q_attempted_correct": 0.01186060719192028,
  "all/q_halt_accuracy": 0.8632867932319641,
  "all/q_halt_loss": 0.39405128359794617,
  "all/q_solvable": 0.01359978225082159,
  "all/steps": 16.0,
  "ARC/pass@1": 0.0425,
  "ARC/pass@2": 0.055,
  "ARC/pass@5": 0.0825,
  "ARC/pass@10": 0.1075,
  "ARC/pass@100": 0.15625,
  "ARC/pass@1000": 0.16625
}