{
  "_step": 700000,
  "all/accuracy": 0.8567626476287842,
  "all/exact_accuracy": 0.25756385922431946,
  "all/lm_loss": 0.7845104932785034,
  "all/q_attempted": 0.564278244972229,
  "all/q_attempted_correct": 0.2519679069519043,
  "all/q_halt_accuracy": 0.6820937395095825,
  "all/q_halt_loss": 0.8868784308433533,
  "all/q_solvable": 0.25756385922431946,
  "all/steps": 16.0,
  "ARC/pass@1": 0.36375,
  "ARC/pass@2": 0.4025,
  "ARC/pass@5": 0.44125,
  "ARC/pass@10": 0.455,
  "ARC/pass@100": 0.51,
  "ARC/pass@1000": 0.52375
}