{
  "_step": 175000,
  "all/accuracy": 0.7380222082138062,
  "all/exact_accuracy": 0.031325895339250565,
  "all/lm_loss": 1.1437128782272339,
  "all/q_attempted": 0.22361494600772858,
  "all/q_attempted_correct": 0.029301607981324196,
  "all/q_halt_accuracy": 0.8036623597145081,
  "all/q_halt_loss": 0.5864887833595276,
  "all/q_solvable": 0.031325895339250565,
  "all/steps": 16.0,
  "ARC/pass@1": 0.0825,
  "ARC/pass@2": 0.11875,
  "ARC/pass@5": 0.14875,
  "ARC/pass@10": 0.1625,
  "ARC/pass@100": 0.22125,
  "ARC/pass@1000": 0.245
}